key,en,th
tagline,Developer üéÆüíª | Coding & Minecraft Modding Wizard!,‡∏ô‡∏±‡∏Å‡∏û‡∏±‡∏í‡∏ô‡∏≤ üéÆüíª | ‡∏™‡∏≤‡∏¢ Coding & Mod Minecraft
aboutMeTitle,About Me,‡πÄ‡∏Å‡∏µ‡πà‡∏¢‡∏ß‡∏Å‡∏±‡∏ö‡∏â‡∏±‡∏ô
aboutMeContent,"Hi! I'm <strong>TamKungZ_</strong>. I'm a software developer specializing in <span class='highlight'>C#, Java, Python, CSS, JS, HTML, and PHP.</span> I also create mods for Minecraft.","‡∏™‡∏ß‡∏±‡∏™‡∏î‡∏µ! ‡∏ú‡∏° <strong>TamKungZ_</strong> ‡πÄ‡∏õ‡πá‡∏ô‡∏ô‡∏±‡∏Å‡∏û‡∏±‡∏í‡∏ô‡∏≤‡∏ã‡∏≠‡∏ü‡∏ï‡πå‡πÅ‡∏ß‡∏£‡πå‡∏ó‡∏µ‡πà‡πÄ‡∏ä‡∏µ‡πà‡∏¢‡∏ß‡∏ä‡∏≤‡∏ç <span class='highlight'>C#, Java, Python, CSS, JS, HTML, PHP</span> ‡πÅ‡∏•‡∏∞‡∏™‡∏£‡πâ‡∏≤‡∏á‡∏°‡πá‡∏≠‡∏î Minecraft"
linksTitle,Links & Socials,‡∏•‡∏¥‡∏á‡∏Å‡πå‡πÅ‡∏•‡∏∞‡πÇ‡∏ã‡πÄ‡∏ä‡∏µ‡∏¢‡∏•
moddingPlatformsTitle,Modding Platforms,‡πÅ‡∏û‡∏•‡∏ï‡∏ü‡∏≠‡∏£‡πå‡∏° Modding
supportWorkTitle,Support My Work,‡∏™‡∏ô‡∏±‡∏ö‡∏™‡∏ô‡∏∏‡∏ô‡∏ú‡∏•‡∏á‡∏≤‡∏ô‡∏Ç‡∏≠‡∏á‡∏â‡∏±‡∏ô
featuredProjectsTitle,Featured Projects (Minecraft Mods),‡πÇ‡∏õ‡∏£‡πÄ‡∏à‡∏Å‡∏ï‡πå‡πÄ‡∏î‡πà‡∏ô (Minecraft Mods)
githubPage,My GitHub Page,‡∏´‡∏ô‡πâ‡∏≤‡∏Å‡∏¥‡∏ï‡∏Æ‡∏±‡∏ö‡∏Ç‡∏≠‡∏á‡∏â‡∏±‡∏ô
personalWebsite,My Personal Website,‡πÄ‡∏ß‡πá‡∏ö‡πÑ‡∏ã‡∏ï‡πå‡∏™‡πà‡∏ß‡∏ô‡∏ï‡∏±‡∏ß
mavenRepo,My Maven Repository,Maven Repository ‡∏Ç‡∏≠‡∏á‡∏â‡∏±‡∏ô
newsTitle,News & Announcements,‡∏Ç‡πà‡∏≤‡∏ß‡∏™‡∏≤‡∏£‡πÅ‡∏•‡∏∞‡∏õ‡∏£‡∏∞‡∏Å‡∏≤‡∏®
